{"min": [-1.0, -1.000005613215755, -1.0, -1.0000056133575457, -1.0, -1.0, -1.0, -1.0, -1.0, -1.3333333333333333], "scale": [0.00013318239328760737, 5.613215755173982e-06, 4.024193451027578e-06, 5.613357545615546e-06, 4.7547160840158335e-06, 1.911493340896732e-12, 0.14285714285714285, 1.911493340896732e-12, 0.14285714285714285, 0.3333333333333333], "feature_names": ["Timestamp", "From Bank", "Account", "To Bank", "Account.1", "Amount Received", "Receiving Currency", "Amount Paid", "Payment Currency", "Payment Format"], "type": "MinMaxScaler"}